title,identifier,content,parameters,is_active
RmFzdGVzdCBKZXdlbHJ5IC0gSG9tZSBTbGlkZXNob3cJ,amV3ZWxyeS1ob21lLXNsaWRlc2hvdw==,eyJodGpvd3ZxbmJlNXIzcjdrcm0iOnsicG9zaXRpb24iOiIyIiwiZmlsZSI6IlwvalwvZVwvamV3LXNsaWRlMDEuanBnIiwidmFsdWVfaWQiOiIiLCJsaW5rIjoiIiwiY2FwdGlvbiI6IiIsInRyYW5zaXRpb24iOiJmYWRlSW4iLCJkaXNhYmxlZCI6IjAiLCJyZW1vdmVkIjoiIn0sImMxbjJhZ2E0OGRnbGQ5aTUxbSI6eyJwb3NpdGlvbiI6IjMiLCJmaWxlIjoiXC9qXC9lXC9qZXctc2xpZGUwMi5qcGciLCJ2YWx1ZV9pZCI6IiIsImxpbmsiOiIiLCJjYXB0aW9uIjoiIiwidHJhbnNpdGlvbiI6ImZhZGVJbkRvd24iLCJkaXNhYmxlZCI6IjAiLCJyZW1vdmVkIjoiIn0sImdnM29xZmk2b2Q0Y3RkaWoydCI6eyJwb3NpdGlvbiI6IjQiLCJmaWxlIjoiXC9qXC9lXC9qZXctc2xpZGUwMy5qcGciLCJ2YWx1ZV9pZCI6IiIsImxpbmsiOiIiLCJjYXB0aW9uIjoiIiwidHJhbnNpdGlvbiI6ImZhZGVPdXRMZWZ0IiwiZGlzYWJsZWQiOiIwIiwicmVtb3ZlZCI6IiJ9fQ==,eyJ3aWR0aCI6IjE5MDAiLCJoZWlnaHQiOiI5NjAiLCJhbmltYXRlSW4iOiJmYWRlSW4iLCJhbmltYXRlT3V0IjoiZmFkZU91dCIsInN0YXJ0UG9zaXRpb24iOiIiLCJhdXRvcGxheSI6IjAiLCJhdXRvcGxheUhvdmVyUGF1c2UiOiIwIiwiYXV0b3BsYXlTcGVlZCI6IiIsImxvb3AiOiIxIiwibmF2IjoiMSIsImRvdHMiOiIxIiwiY29udHJvbE5hdlRodW1icyI6IjAiLCJsYXp5TG9hZCI6IjAifQ==,MQ==
RmFzdGVzdCBEcnVnIC0gSG9tZSBTbGlkZXNob3c=,ZmFzdGVzdC1kcnVnLWhvbWUtc2xpZGVzaG93,eyJxNDFtMGJ3bHNsa2s0c2c3cDUiOnsicG9zaXRpb24iOiIzIiwiZmlsZSI6IlwvYlwvYVwvYmFubmVyMS5qcGciLCJ2YWx1ZV9pZCI6IiIsImxpbmsiOiIiLCJjYXB0aW9uIjoiIiwidHJhbnNpdGlvbiI6IiIsImRpc2FibGVkIjoiMCIsInJlbW92ZWQiOiIifSwiY3FpbWVlZnVja25qbGx3dTR0Ijp7InBvc2l0aW9uIjoiNCIsImZpbGUiOiJcL2JcL2FcL2Jhbm5lcjIuanBnIiwidmFsdWVfaWQiOiIiLCJsaW5rIjoiIiwiY2FwdGlvbiI6IiIsInRyYW5zaXRpb24iOiIiLCJkaXNhYmxlZCI6IjAiLCJyZW1vdmVkIjoiIn0sIjhjd2pkZGZ3bGRrdTc5MjV2dyI6eyJwb3NpdGlvbiI6IjUiLCJmaWxlIjoiXC9iXC9hXC9iYW5uZXIzLmpwZyIsInZhbHVlX2lkIjoiIiwibGluayI6IiIsImNhcHRpb24iOiIiLCJ0cmFuc2l0aW9uIjoiIiwiZGlzYWJsZWQiOiIwIiwicmVtb3ZlZCI6IiJ9fQ==,eyJ3aWR0aCI6Ijg4MCIsImhlaWdodCI6IjQ1MCIsImFuaW1hdGVJbiI6ImZhZGVJbiIsImFuaW1hdGVPdXQiOiJmYWRlT3V0Iiwic3RhcnRQb3NpdGlvbiI6IiIsImF1dG9wbGF5IjoiMSIsImF1dG9wbGF5SG92ZXJQYXVzZSI6IjEiLCJhdXRvcGxheVNwZWVkIjoiIiwibG9vcCI6IjEiLCJuYXYiOiIxIiwiZG90cyI6IjEiLCJjb250cm9sTmF2VGh1bWJzIjoiMCIsImxhenlMb2FkIjoiMSJ9,MQ==
RmFzdGVzdCBIYW5kYmFnIC0gSG9tZSBTbGlkZXNob3c=,ZmFzdGVzdC1oYW5kYmFnLWhvbWUtc2xpZGVzaG93,eyJiZTVtcWxmZWoyZiI6eyJwb3NpdGlvbiI6IjQiLCJmaWxlIjoiXC9oXC9hXC9oYW5kYmFnLTEuanBnIiwidmFsdWVfaWQiOiIiLCJsaW5rIjoiIiwiY2FwdGlvbiI6IiIsInRyYW5zaXRpb24iOiIiLCJkaXNhYmxlZCI6IjAiLCJyZW1vdmVkIjoiIn0sInd1Z3MzNjVtM2RoIjp7InBvc2l0aW9uIjoiNSIsImZpbGUiOiJcL2hcL2FcL2hhbmRiYWctMi5qcGciLCJ2YWx1ZV9pZCI6IiIsImxpbmsiOiIiLCJjYXB0aW9uIjoiIiwidHJhbnNpdGlvbiI6IiIsImRpc2FibGVkIjoiMCIsInJlbW92ZWQiOiIifSwiNmFocTJzcDBrZDUiOnsicG9zaXRpb24iOiI2IiwiZmlsZSI6IlwvaFwvYVwvaGFuZGJhZy0zLmpwZyIsInZhbHVlX2lkIjoiIiwibGluayI6IiIsImNhcHRpb24iOiIiLCJ0cmFuc2l0aW9uIjoiIiwiZGlzYWJsZWQiOiIwIiwicmVtb3ZlZCI6IiJ9fQ==,eyJ3aWR0aCI6Ijg4MCIsImhlaWdodCI6IjQ4MCIsImFuaW1hdGVJbiI6ImZhZGVJbiIsImFuaW1hdGVPdXQiOiJmYWRlT3V0Iiwic3RhcnRQb3NpdGlvbiI6IiIsImF1dG9wbGF5IjoiMSIsImF1dG9wbGF5SG92ZXJQYXVzZSI6IjAiLCJhdXRvcGxheVNwZWVkIjoiIiwibG9vcCI6IjEiLCJuYXYiOiIxIiwiZG90cyI6IjEiLCJjb250cm9sTmF2VGh1bWJzIjoiMCIsImxhenlMb2FkIjoiMSJ9,MQ==
RmFzdGVzdCBTcG9ydHdlYXIgLSBIb21lIFNsaWRlc2hvdw==,ZmFzdGVzdC1zcG9ydHdlYXItaG9tZS1zbGlkZXNob3c=,eyJqcGl3ZWhkMXUwZWFkNzU3NDciOnsicG9zaXRpb24iOiIxIiwiZmlsZSI6Ilwvc1wvcFwvc3BvcnR3ZWFyLXNsaWRlc2hvdzAxLmpwZyIsInZhbHVlX2lkIjoiIiwibGluayI6IiIsImNhcHRpb24iOiIiLCJ0cmFuc2l0aW9uIjoiIiwiZGlzYWJsZWQiOiIwIiwicmVtb3ZlZCI6IiJ9LCIzY3BzZ2c4MTBxNmx1anJsZ3ciOnsicG9zaXRpb24iOiIyIiwiZmlsZSI6Ilwvc1wvcFwvc3BvcnR3ZWFyLXNsaWRlc2hvdzAyLmpwZyIsInZhbHVlX2lkIjoiIiwibGluayI6IiIsImNhcHRpb24iOiIiLCJ0cmFuc2l0aW9uIjoiIiwiZGlzYWJsZWQiOiIwIiwicmVtb3ZlZCI6IiJ9LCIxcWhjZjViZTR0Y3c0ZjVoaHAiOnsicG9zaXRpb24iOiIzIiwiZmlsZSI6Ilwvc1wvcFwvc3BvcnR3ZWFyLXNsaWRlc2hvdzAzLmpwZyIsInZhbHVlX2lkIjoiIiwibGluayI6IiIsImNhcHRpb24iOiIiLCJ0cmFuc2l0aW9uIjoiIiwiZGlzYWJsZWQiOiIwIiwicmVtb3ZlZCI6IiJ9fQ==,eyJ3aWR0aCI6Ijg4MCIsImhlaWdodCI6IjUwMCIsImFuaW1hdGVJbiI6ImZhZGVJbiIsImFuaW1hdGVPdXQiOiJmYWRlT3V0Iiwic3RhcnRQb3NpdGlvbiI6IiIsImF1dG9wbGF5IjoiMSIsImF1dG9wbGF5SG92ZXJQYXVzZSI6IjAiLCJhdXRvcGxheVNwZWVkIjoiIiwibG9vcCI6IjEiLCJuYXYiOiIxIiwiZG90cyI6IjEiLCJjb250cm9sTmF2VGh1bWJzIjoiMCIsImxhenlMb2FkIjoiMSJ9,MQ==
RmFzdGVzdCBPdXRkb29yIC0gSG9tZSBTbGlkZXNob3c=,ZmFzdGVzdC1vdXRkb29yLWhvbWUtc2xpZGVzaG93,eyJzbzE0MnIwNnNiMyI6eyJwb3NpdGlvbiI6IjQiLCJmaWxlIjoiXC9zXC9sXC9zbGlkZS1vdXRkb29yMDEuanBnIiwidmFsdWVfaWQiOiIiLCJsaW5rIjoiIiwiY2FwdGlvbiI6IiIsInRyYW5zaXRpb24iOiIiLCJkaXNhYmxlZCI6IjAiLCJyZW1vdmVkIjoiIn0sIjN1MjlsMDV1NTBwIjp7InBvc2l0aW9uIjoiNSIsImZpbGUiOiJcL3NcL2xcL3NsaWRlLW91dGRvb3IwMi5qcGciLCJ2YWx1ZV9pZCI6IiIsImxpbmsiOiIiLCJjYXB0aW9uIjoiIiwidHJhbnNpdGlvbiI6IiIsImRpc2FibGVkIjoiMCIsInJlbW92ZWQiOiIifX0=,eyJpc19yZXNpemUiOiIwIiwid2lkdGgiOiIxMjAwIiwiaGVpZ2h0IjoiNTcxIiwiYW5pbWF0ZUluIjoiZmFkZUluIiwiYW5pbWF0ZU91dCI6ImZhZGVPdXQiLCJzdGFydFBvc2l0aW9uIjoiIiwiYXV0b3BsYXkiOiIxIiwiYXV0b3BsYXlIb3ZlclBhdXNlIjoiMCIsImF1dG9wbGF5U3BlZWQiOiIiLCJsb29wIjoiMSIsIm5hdiI6IjEiLCJkb3RzIjoiMSIsImNvbnRyb2xOYXZUaHVtYnMiOiIwIiwibGF6eUxvYWQiOiIwIn0=,MQ==
RmFzdGVzdCBCaWcgTWFya2V0LSBIb21lIFNsaWRlc2hvdw==,ZmFzdGVzdC1iaWctbWFya2V0LWhvbWUtc2xpZGVzaG93,eyIwZG9oNnJxMGM3bHBpZm1oMTAiOnsicG9zaXRpb24iOiI0IiwiZmlsZSI6IlwvYlwvYVwvYmFubmVyMV8xLmpwZyIsInZhbHVlX2lkIjoiIiwibGluayI6IiIsImNhcHRpb24iOiIiLCJ0cmFuc2l0aW9uIjoiIiwiZGlzYWJsZWQiOiIwIiwicmVtb3ZlZCI6IiJ9LCI3cnN3cWkyZzJsOXYwc2xjbDgiOnsicG9zaXRpb24iOiI1IiwiZmlsZSI6IlwvYlwvYVwvYmFubmVyLTJfMS5qcGciLCJ2YWx1ZV9pZCI6IiIsImxpbmsiOiIiLCJjYXB0aW9uIjoiIiwidHJhbnNpdGlvbiI6IiIsImRpc2FibGVkIjoiMCIsInJlbW92ZWQiOiIifSwiazc0Zmx0YjV0NDVnaTdkdWkwIjp7InBvc2l0aW9uIjoiMyIsImZpbGUiOiJcL2JcL2FcL2Jhbm5lcjNfMS5qcGciLCJ2YWx1ZV9pZCI6IiIsImxpbmsiOiIiLCJjYXB0aW9uIjoiIiwidHJhbnNpdGlvbiI6IiIsImRpc2FibGVkIjoiMCIsInJlbW92ZWQiOiIifX0=,eyJ3aWR0aCI6IjU5MCIsImhlaWdodCI6IjQ2MiIsImFuaW1hdGVJbiI6ImZhZGVJbiIsImFuaW1hdGVPdXQiOiJmYWRlT3V0Iiwic3RhcnRQb3NpdGlvbiI6IiIsImF1dG9wbGF5IjoiMSIsImF1dG9wbGF5SG92ZXJQYXVzZSI6IjEiLCJhdXRvcGxheVNwZWVkIjoiIiwibG9vcCI6IjEiLCJuYXYiOiIwIiwiZG90cyI6IjEiLCJjb250cm9sTmF2VGh1bWJzIjoiMCIsImxhenlMb2FkIjoiMCJ9,MQ==
RmFzdGVzdCBHcm9jZXJ5IEdvdXJtZXQtIEhvbWUgU2xpZGVzaG93,ZmFzdGVzdC1ncm9jZXJ5LWdvdXJtZXQtaG9tZS1zbGlkZXNob3c=,eyJ3djUzN2tncGNvdnVmZG1laTUiOnsicG9zaXRpb24iOiIxIiwiZmlsZSI6IlwvYlwvYVwvYmFubmVyLXNsaWRlcjA0LmpwZyIsInZhbHVlX2lkIjoiIiwibGluayI6IiIsImNhcHRpb24iOiIiLCJ0cmFuc2l0aW9uIjoiIiwiZGlzYWJsZWQiOiIwIiwicmVtb3ZlZCI6IiJ9LCJiZHVsNG91dzYydXJpa3BjbGEiOnsicG9zaXRpb24iOiIyIiwiZmlsZSI6IlwvYlwvYVwvYmFubmVyLXNsaWRlMDJfMS5qcGciLCJ2YWx1ZV9pZCI6IiIsImxpbmsiOiIiLCJjYXB0aW9uIjoiIiwidHJhbnNpdGlvbiI6IiIsImRpc2FibGVkIjoiMCIsInJlbW92ZWQiOiIifSwiMTg0am12YW5iZWdkM3d0MGRkIjp7InBvc2l0aW9uIjoiMyIsImZpbGUiOiJcL2JcL2FcL2Jhbm5lci1zbGlkZTAzXzEuanBnIiwidmFsdWVfaWQiOiIiLCJsaW5rIjoiIiwiY2FwdGlvbiI6IiIsInRyYW5zaXRpb24iOiIiLCJkaXNhYmxlZCI6IjAiLCJyZW1vdmVkIjoiIn0sIjc3M3ByNTluaGR3YXdjdDVtcCI6eyJwb3NpdGlvbiI6IjQiLCJmaWxlIjoiXC9zXC9sXC9zbGlkZTAxLmpwZyIsInZhbHVlX2lkIjoiIiwibGluayI6IiIsImNhcHRpb24iOiIiLCJ0cmFuc2l0aW9uIjoiIiwiZGlzYWJsZWQiOiIwIiwicmVtb3ZlZCI6IiJ9fQ==,eyJ3aWR0aCI6Ijg4MCIsImhlaWdodCI6IjQ2OSIsImFuaW1hdGVJbiI6ImZhZGVJbiIsImFuaW1hdGVPdXQiOiJmYWRlT3V0Iiwic3RhcnRQb3NpdGlvbiI6IiIsImF1dG9wbGF5IjoiMSIsImF1dG9wbGF5SG92ZXJQYXVzZSI6IjEiLCJhdXRvcGxheVNwZWVkIjoiIiwibG9vcCI6IjEiLCJuYXYiOiIwIiwiZG90cyI6IjEiLCJjb250cm9sTmF2VGh1bWJzIjoiMCIsImxhenlMb2FkIjoiMCJ9,MQ==
RmFzdGVzdCBGb29kICYgRHJpbmsgLSBIb21lIFNsaWRlc2hvdw==,ZmFzdGVzdC1mb29kLWRyaW5rLWhvbWUtc2xpZGVzaG93,eyJsam5yaWp0MXZibnZoMmp0ZDEiOnsicG9zaXRpb24iOiIzIiwiZmlsZSI6Ilwvc1wvbFwvc2xpMS5qcGciLCJ2YWx1ZV9pZCI6IiIsImxpbmsiOiIiLCJjYXB0aW9uIjoiIiwidHJhbnNpdGlvbiI6IiIsImRpc2FibGVkIjoiMCIsInJlbW92ZWQiOiIifSwiaTE2b3UyazBkNXJjN3AwbnNkIjp7InBvc2l0aW9uIjoiNCIsImZpbGUiOiJcL3NcL2xcL3NsaTIuanBnIiwidmFsdWVfaWQiOiIiLCJsaW5rIjoiIiwiY2FwdGlvbiI6IiIsInRyYW5zaXRpb24iOiIiLCJkaXNhYmxlZCI6IjAiLCJyZW1vdmVkIjoiIn0sIm9ucnJkMWk1cmhpYjcxNmhjZyI6eyJwb3NpdGlvbiI6IjUiLCJmaWxlIjoiXC9zXC9sXC9zbGkzLmpwZyIsInZhbHVlX2lkIjoiIiwibGluayI6IiIsImNhcHRpb24iOiIiLCJ0cmFuc2l0aW9uIjoiIiwiZGlzYWJsZWQiOiIwIiwicmVtb3ZlZCI6IiJ9fQ==,eyJ3aWR0aCI6IjExODAiLCJoZWlnaHQiOiI0NTAiLCJhbmltYXRlSW4iOiJmYWRlSW4iLCJhbmltYXRlT3V0IjoiZmFkZU91dCIsInN0YXJ0UG9zaXRpb24iOiIiLCJhdXRvcGxheSI6IjEiLCJhdXRvcGxheUhvdmVyUGF1c2UiOiIwIiwiYXV0b3BsYXlTcGVlZCI6IiIsImxvb3AiOiIxIiwibmF2IjoiMSIsImRvdHMiOiIxIiwiY29udHJvbE5hdlRodW1icyI6IjAiLCJsYXp5TG9hZCI6IjAifQ==,MQ==
RmFzdGVzdCBXZVN0eWxlIEZhc2hpb24gLSBIb21lIFNsaWRlc2hvdw==,ZmFzdGVzdC13ZXN0eWxlLWZhc2hpb24taG9tZS1zbGlkZXNob3c=,eyJkMTZuYWJxM3M5bTQxb2ZlYTciOnsicG9zaXRpb24iOiI0IiwiZmlsZSI6Ilwvd1wvZVwvd2VzdHlsZS1zbGlkZTA0LmpwZyIsInZhbHVlX2lkIjoiIiwibGluayI6IiIsImNhcHRpb24iOiIiLCJ0cmFuc2l0aW9uIjoiIiwiZGlzYWJsZWQiOiIwIiwicmVtb3ZlZCI6IiJ9LCIycDFjcnU5djMwbXVjY2QxbGMiOnsicG9zaXRpb24iOiI1IiwiZmlsZSI6Ilwvd1wvZVwvd2VzdHlsZS1zbGlkZTA1LmpwZyIsInZhbHVlX2lkIjoiIiwibGluayI6IiIsImNhcHRpb24iOiIiLCJ0cmFuc2l0aW9uIjoiIiwiZGlzYWJsZWQiOiIwIiwicmVtb3ZlZCI6IiJ9fQ==,eyJ3aWR0aCI6IjExODAiLCJoZWlnaHQiOiI1NTAiLCJhbmltYXRlSW4iOiJmYWRlSW4iLCJhbmltYXRlT3V0IjoiZmFkZU91dCIsInN0YXJ0UG9zaXRpb24iOiIiLCJhdXRvcGxheSI6IjEiLCJhdXRvcGxheUhvdmVyUGF1c2UiOiIxIiwiYXV0b3BsYXlTcGVlZCI6IiIsImxvb3AiOiIxIiwibmF2IjoiMCIsImRvdHMiOiIxIiwiY29udHJvbE5hdlRodW1icyI6IjAiLCJsYXp5TG9hZCI6IjEifQ==,MQ==
RmFzdGVzdCBXZVN0eWxlIEpld2VscnkgLSBIb21lIFNsaWRlc2hvdw==,ZmFzdGVzdC13ZXN0eWxlLWpld2VscnktaG9tZS1zbGlkZXNob3c=,eyIwcmE3bWtibGExbGY0bW5sZ3IiOnsicG9zaXRpb24iOiIyIiwiZmlsZSI6Ilwvd1wvc1wvd3NqZXdlbHJ5LXNsaWRlMDFfMS5qcGciLCJ2YWx1ZV9pZCI6IiIsImxpbmsiOiIiLCJjYXB0aW9uIjoiIiwidHJhbnNpdGlvbiI6IiIsImRpc2FibGVkIjoiMCIsInJlbW92ZWQiOiIifSwidmRnZWN0amhhcHQzdTZwb2Q5Ijp7InBvc2l0aW9uIjoiMyIsImZpbGUiOiJcL3dcL3NcL3dzamV3ZWxyeS1zbGlkZTAyLmpwZyIsInZhbHVlX2lkIjoiIiwibGluayI6IiIsImNhcHRpb24iOiIiLCJ0cmFuc2l0aW9uIjoiIiwiZGlzYWJsZWQiOiIwIiwicmVtb3ZlZCI6IiJ9fQ==,eyJ3aWR0aCI6IjExODAiLCJoZWlnaHQiOiI1NDAiLCJhbmltYXRlSW4iOiJmYWRlSW4iLCJhbmltYXRlT3V0IjoiZmFkZU91dCIsInN0YXJ0UG9zaXRpb24iOiIiLCJhdXRvcGxheSI6IjEiLCJhdXRvcGxheUhvdmVyUGF1c2UiOiIxIiwiYXV0b3BsYXlTcGVlZCI6IiIsImxvb3AiOiIxIiwibmF2IjoiMCIsImRvdHMiOiIxIiwiY29udHJvbE5hdlRodW1icyI6IjAiLCJsYXp5TG9hZCI6IjEifQ==,MQ==
RmFzdGVzdCAtIEJhYnkgJiBLaWRzIC0gSG9tZSBTbGlkZXNob3c=,ZmFzdGVzdC1iYWJ5LWtpZC1ob21lLXNsaWRlc2hvdw==,eyJuMmV1MXU1MXd2cSI6eyJwb3NpdGlvbiI6IjMiLCJmaWxlIjoiXC9zXC9sXC9zbGlkZTAxXzIuanBnIiwidmFsdWVfaWQiOiIiLCJsaW5rIjoiIiwiY2FwdGlvbiI6IiIsInRyYW5zaXRpb24iOiIiLCJkaXNhYmxlZCI6IjAiLCJyZW1vdmVkIjoiIn0sInY5MGhuZzg0NHBrIjp7InBvc2l0aW9uIjoiNCIsImZpbGUiOiJcL3NcL2xcL3NsaWRlMDIuanBnIiwidmFsdWVfaWQiOiIiLCJsaW5rIjoiIiwiY2FwdGlvbiI6IiIsInRyYW5zaXRpb24iOiIiLCJkaXNhYmxlZCI6IjAiLCJyZW1vdmVkIjoiIn19,eyJ3aWR0aCI6IjE5MDAiLCJoZWlnaHQiOiI2MDAiLCJhbmltYXRlSW4iOiJmYWRlSW5MZWZ0IiwiYW5pbWF0ZU91dCI6ImZhZGVPdXRSaWdodCIsInN0YXJ0UG9zaXRpb24iOiIiLCJhdXRvcGxheSI6IjEiLCJhdXRvcGxheUhvdmVyUGF1c2UiOiIxIiwiYXV0b3BsYXlTcGVlZCI6IiIsImxvb3AiOiIxIiwibmF2IjoiMSIsImRvdHMiOiIwIiwiY29udHJvbE5hdlRodW1icyI6IjAiLCJsYXp5TG9hZCI6IjEifQ==,MQ==
RmFzdGVzdCBFbGx5YW5hIC0gSG9tZSBTbGlkZXNob3c=,ZmFzdGVzdC1lbGx5YW5hLWhvbWUtc2xpZGVzaG93,eyJ3ZHBnOTZiaGo2YiI6eyJwb3NpdGlvbiI6IjEiLCJmaWxlIjoiXC9iXC9hXC9iYW5uZXItMDEuanBnIiwidmFsdWVfaWQiOiIiLCJsaW5rIjoiIiwiY2FwdGlvbiI6IiIsInRyYW5zaXRpb24iOiIiLCJkaXNhYmxlZCI6IjAiLCJyZW1vdmVkIjoiIn0sIm82aWMxaDIzYXBuIjp7InBvc2l0aW9uIjoiMiIsImZpbGUiOiJcL2JcL2FcL2Jhbm5lci0wMi5qcGciLCJ2YWx1ZV9pZCI6IiIsImxpbmsiOiIiLCJjYXB0aW9uIjoiIiwidHJhbnNpdGlvbiI6IiIsImRpc2FibGVkIjoiMCIsInJlbW92ZWQiOiIifSwia2NucG4ydml1Ijp7InBvc2l0aW9uIjoiMyIsImZpbGUiOiJcL2JcL2FcL2Jhbm5lci0wMy5qcGciLCJ2YWx1ZV9pZCI6IiIsImxpbmsiOiIiLCJjYXB0aW9uIjoiIiwidHJhbnNpdGlvbiI6IiIsImRpc2FibGVkIjoiMCIsInJlbW92ZWQiOiIifX0=,eyJpc19yZXNpemUiOiIwIiwid2lkdGgiOiIxOTAwIiwiaGVpZ2h0IjoiMTAwMCIsImFuaW1hdGVJbiI6ImZhZGVJbiIsImFuaW1hdGVPdXQiOiJmYWRlT3V0Iiwic3RhcnRQb3NpdGlvbiI6IiIsImF1dG9wbGF5IjoiMSIsImF1dG9wbGF5SG92ZXJQYXVzZSI6IjEiLCJhdXRvcGxheVNwZWVkIjoiMzAwMCIsImxvb3AiOiIxIiwibmF2IjoiMSIsImRvdHMiOiIxIiwiY29udHJvbE5hdlRodW1icyI6IjAiLCJsYXp5TG9hZCI6IjAifQ==,MQ==
RmFzdGVzdCBGdXJuaXR1cmUgLSBIb21lIFNsaWRlc2hvdw==,ZmFzdGVzdC1mdXJuaXR1cmUtaG9tZS1zbGlkZXNob3c=,eyI1cmdyNmswZzRidSI6eyJwb3NpdGlvbiI6IjEiLCJmaWxlIjoiXC9mXC91XC9mdXItc2xpZGUwMS5qcGciLCJ2YWx1ZV9pZCI6IiIsImxpbmsiOiIiLCJjYXB0aW9uIjoiIiwidHJhbnNpdGlvbiI6IiIsImRpc2FibGVkIjoiMCIsInJlbW92ZWQiOiIifSwid3Zwc290cTN0ayI6eyJwb3NpdGlvbiI6IjIiLCJmaWxlIjoiXC9mXC91XC9mdXItc2xpZGUwMi5qcGciLCJ2YWx1ZV9pZCI6IiIsImxpbmsiOiIiLCJjYXB0aW9uIjoiIiwidHJhbnNpdGlvbiI6IiIsImRpc2FibGVkIjoiMCIsInJlbW92ZWQiOiIifSwid2g3bThvdTV2ZiI6eyJwb3NpdGlvbiI6IjMiLCJmaWxlIjoiXC9mXC91XC9mdXItc2xpZGUwMy5qcGciLCJ2YWx1ZV9pZCI6IiIsImxpbmsiOiIiLCJjYXB0aW9uIjoiIiwidHJhbnNpdGlvbiI6IiIsImRpc2FibGVkIjoiMCIsInJlbW92ZWQiOiIifX0=,eyJ3aWR0aCI6IjE5MDAiLCJoZWlnaHQiOiI3NTkiLCJhbmltYXRlSW4iOiJmYWRlSW5MZWZ0IiwiYW5pbWF0ZU91dCI6ImZhZGVJblJpZ2h0Iiwic3RhcnRQb3NpdGlvbiI6IiIsImF1dG9wbGF5IjoiMSIsImF1dG9wbGF5SG92ZXJQYXVzZSI6IjEiLCJhdXRvcGxheVNwZWVkIjoiIiwibG9vcCI6IjEiLCJuYXYiOiIxIiwiZG90cyI6IjEiLCJjb250cm9sTmF2VGh1bWJzIjoiMCIsImxhenlMb2FkIjoiMSJ9,MQ==
RmFzdGVzdCBIaWdodGVjaC0gSG9tZSBTbGlkZXNob3c=,ZmFzdGVzdC1oaWdodGVjaC1ob21lLXNsaWRlc2hvdw==,eyI0bXZ3cnVuY2liNCI6eyJwb3NpdGlvbiI6IjEiLCJmaWxlIjoiXC9zXC9sXC9zbGlkZXNob3cwMS5qcGciLCJ2YWx1ZV9pZCI6IiIsImxpbmsiOiIiLCJjYXB0aW9uIjoiIiwidHJhbnNpdGlvbiI6IiIsImRpc2FibGVkIjoiMCIsInJlbW92ZWQiOiIifSwicTNiODVzbDhjZCI6eyJwb3NpdGlvbiI6IjMiLCJmaWxlIjoiXC9zXC9sXC9zbGlkZXNob3cwMl8xLmpwZyIsInZhbHVlX2lkIjoiIiwibGluayI6IiIsImNhcHRpb24iOiIiLCJ0cmFuc2l0aW9uIjoiIiwiZGlzYWJsZWQiOiIwIiwicmVtb3ZlZCI6IiJ9fQ==,eyJ3aWR0aCI6Ijg4MCIsImhlaWdodCI6IjQ2OSIsImFuaW1hdGVJbiI6ImZhZGVJbiIsImFuaW1hdGVPdXQiOiJmYWRlT3V0Iiwic3RhcnRQb3NpdGlvbiI6IiIsImF1dG9wbGF5IjoiMSIsImF1dG9wbGF5SG92ZXJQYXVzZSI6IjAiLCJhdXRvcGxheVNwZWVkIjoiIiwibG9vcCI6IjEiLCJuYXYiOiIwIiwiZG90cyI6IjEiLCJjb250cm9sTmF2VGh1bWJzIjoiMCIsImxhenlMb2FkIjoiMCJ9,MQ==
RmFzdGVzdCBDYXIgLSBIb21lIFNsaWRlc2hvdw==,ZmFzdGVzdC1jYXItaG9tZS1zbGlkZXNob3c=,eyJoOGhram9kZnQ0aCI6eyJwb3NpdGlvbiI6IjEiLCJmaWxlIjoiXC9zXC9sXC9zbGlkZS1zaG93LmpwZyIsInZhbHVlX2lkIjoiIiwibGluayI6IiMiLCJjYXB0aW9uIjoiPGRpdiBjbGFzcz1cInNsaWRlLWNhcHRpb24gc2xpZGUtcmlnaHRcIj48ZGl2IGNsYXNzPVwidGV4dC1jZW50ZXJcIj5cclxuPHAgY2xhc3M9XCJzbGlkZS10aXRsZSBoMVwiPjxzcGFuPkF1dG9tb3RpdmUgVG9vbHMgXHJcbiYgU3VwcGxpZXM8XC9zcGFuPjxcL3A+XHJcbjxwIGNsYXNzPVwic2xpZGUtdGV4dFwiPlNob3AgdGhlIGxhcmdlc3Qgc2VsZWN0aW9uIGFuZCBiZXN0IGRlYWxzIDxcL3A+XHJcbjxwIGNsYXNzPVwic2xpZGUtYnRuXCI+PGEgaHJlZj1cIiNcIj48c3Bhbj4gVmlldyBDb2xsZWN0aW9uIDxcL3NwYW4+PFwvYT48XC9wPlxyXG48XC9kaXY+XHJcbjxcL2Rpdj4iLCJ0cmFuc2l0aW9uIjoiIiwiZGlzYWJsZWQiOiIwIiwicmVtb3ZlZCI6IiJ9LCJpanZoa2dyaTBvZyI6eyJwb3NpdGlvbiI6IjIiLCJmaWxlIjoiXC9zXC9sXC9zbGlkZS1zaG93Mi5qcGciLCJ2YWx1ZV9pZCI6IiIsImxpbmsiOiIjIiwiY2FwdGlvbiI6IjxkaXYgY2xhc3M9XCJzbGlkZS1jYXB0aW9uIHNsaWRlLWxlZnRcIj48ZGl2IGNsYXNzPVwidGV4dC1jZW50ZXJcIj5cclxuPHAgY2xhc3M9XCJzbGlkZS10aXRsZSBoMVwiPjxzcGFuPkF1dG9tb3RpdmUgVG9vbHMgXHJcbiYgU3VwcGxpZXM8XC9zcGFuPjxcL3A+XHJcbjxwIGNsYXNzPVwic2xpZGUtdGV4dFwiPlNob3AgdGhlIGxhcmdlc3Qgc2VsZWN0aW9uIGFuZCBiZXN0IGRlYWxzIDxcL3A+XHJcbjxwIGNsYXNzPVwic2xpZGUtYnRuXCI+PGEgaHJlZj1cIiNcIj48c3Bhbj4gVmlldyBDb2xsZWN0aW9uIDxcL3NwYW4+PFwvYT48XC9wPlxyXG48XC9kaXY+XHJcbjxcL2Rpdj4iLCJ0cmFuc2l0aW9uIjoiIiwiZGlzYWJsZWQiOiIwIiwicmVtb3ZlZCI6IiJ9fQ==,eyJ3aWR0aCI6IjE5MjAiLCJoZWlnaHQiOiI4MjAiLCJhbmltYXRlSW4iOiJmYWRlSW4iLCJhbmltYXRlT3V0IjoiZmFkZU91dCIsInN0YXJ0UG9zaXRpb24iOiIiLCJhdXRvcGxheSI6IjEiLCJhdXRvcGxheUhvdmVyUGF1c2UiOiIwIiwiYXV0b3BsYXlTcGVlZCI6IiIsImxvb3AiOiIwIiwibmF2IjoiMSIsImRvdHMiOiIxIiwiY29udHJvbE5hdlRodW1icyI6IjAiLCJsYXp5TG9hZCI6IjAifQ==,MQ==
RmFzdGVzdCBNZWNoYW5pY190b29scyAtIEhvbWUgU2xpZGVzaG93,ZmFzdGVzdC1tZWNoYW5pY190b29scy1ob21lLXNsaWRlc2hvdw==,eyJsaTVuMTFrajRjaSI6eyJwb3NpdGlvbiI6IjEiLCJmaWxlIjoiXC9iXC9hXC9iYW5uZXJfMDEuanBnIiwidmFsdWVfaWQiOiIiLCJsaW5rIjoiIiwiY2FwdGlvbiI6IiIsInRyYW5zaXRpb24iOiIiLCJkaXNhYmxlZCI6IjAiLCJyZW1vdmVkIjoiIn0sIjlhYjVoNnM3dDdwIjp7InBvc2l0aW9uIjoiMiIsImZpbGUiOiJcL2JcL2FcL2Jhbm5lcl8wMi5qcGciLCJ2YWx1ZV9pZCI6IiIsImxpbmsiOiIiLCJjYXB0aW9uIjoiIiwidHJhbnNpdGlvbiI6IiIsImRpc2FibGVkIjoiMCIsInJlbW92ZWQiOiIifX0=,eyJ3aWR0aCI6Ijg4MCIsImhlaWdodCI6IjUwMyIsImFuaW1hdGVJbiI6ImZhZGVJbiIsImFuaW1hdGVPdXQiOiJmYWRlT3V0Iiwic3RhcnRQb3NpdGlvbiI6IiIsImF1dG9wbGF5IjoiMSIsImF1dG9wbGF5SG92ZXJQYXVzZSI6IjAiLCJhdXRvcGxheVNwZWVkIjoiIiwibG9vcCI6IjEiLCJuYXYiOiIxIiwiZG90cyI6IjEiLCJjb250cm9sTmF2VGh1bWJzIjoiMCIsImxhenlMb2FkIjoiMSJ9,MQ==
RmFzdGVzdCBNZWRpY2FsIC0gSG9tZSBTbGlkZXNob3c=,ZmFzdGVzdC1tZWRpY2FsLWhvbWUtc2xpZGVzaG93,eyJjbGppZG83MXNybiI6eyJwb3NpdGlvbiI6IjIiLCJmaWxlIjoiXC9zXC9sXC9zbGlkZTAyXzEuanBnIiwidmFsdWVfaWQiOiIiLCJsaW5rIjoiIiwiY2FwdGlvbiI6IjxkaXYgY2xhc3M9XCJzbGlkZS1jYXB0aW9uIHNsaWRlLWxlZnQgY29sb3ItMVwiPjxkaXYgY2xhc3M9XCJ0ZXh0LWNlbnRlclwiPjxwIGNsYXNzPVwic2xpZGUtdGV4dFwiPkJlIGtpbmQgdG8geW91cnNlbGYgdG8gYmUgYWN0aXZlPFwvcD5cclxuPHAgY2xhc3M9XCJzbGlkZS10aXRsZSBoMSB0ZXh0LXVwcGVyY2FzZVwiPjxzcGFuPkNPVklELTE5PFwvc3Bhbj48XC9wPlxyXG48cCBjbGFzcz1cInNsaWRlLXRleHRcIj48ZW0+I1N0YXkgSG9tZSwgU3RheSBTYWZlITxcL2VtPjxcL3A+PHAgY2xhc3M9XCJzbGlkZS1idG5cIj48YSBocmVmPVwiI1wiPjxzcGFuPlNob3BwaW5nIE5vdyA8XC9zcGFuPjxcL2E+PFwvcD48XC9kaXY+PFwvZGl2PiIsInRyYW5zaXRpb24iOiIiLCJkaXNhYmxlZCI6IjAiLCJyZW1vdmVkIjoiIn0sImo4dW1zZzhjdDd1Ijp7InBvc2l0aW9uIjoiMyIsImZpbGUiOiJcL3NcL2xcL3NsaWRlMDNfMi5qcGciLCJ2YWx1ZV9pZCI6IiIsImxpbmsiOiIiLCJjYXB0aW9uIjoiPGRpdiBjbGFzcz1cInNsaWRlLWNhcHRpb24gc2xpZGUtY2VudGVyXCI+PGRpdiBjbGFzcz1cInRleHQtY2VudGVyXCI+PHAgY2xhc3M9XCJzbGlkZS10ZXh0XCI+SW50cm9kdWNpbmc8XC9wPlxyXG48cCBjbGFzcz1cInNsaWRlLXRpdGxlIGgxIHRleHQtdXBwZXJjYXNlXCI+PHNwYW4+TUlDUk9GTEVYIFNHLTM3NTxcL3NwYW4+PFwvcD5cclxuPHAgY2xhc3M9XCJzbGlkZS1idG5cIj48YSBocmVmPVwiI1wiPjxzcGFuPlNob3BwaW5nIE5vdyA8XC9zcGFuPjxcL2E+PFwvcD48XC9kaXY+PFwvZGl2PiIsInRyYW5zaXRpb24iOiIiLCJkaXNhYmxlZCI6IjAiLCJyZW1vdmVkIjoiIn19,eyJ3aWR0aCI6IjE5MjAiLCJoZWlnaHQiOiI5MDAiLCJhbmltYXRlSW4iOiJmYWRlSW4iLCJhbmltYXRlT3V0IjoiZmFkZU91dCIsInN0YXJ0UG9zaXRpb24iOiIiLCJhdXRvcGxheSI6IjEiLCJhdXRvcGxheUhvdmVyUGF1c2UiOiIwIiwiYXV0b3BsYXlTcGVlZCI6IiIsImxvb3AiOiIxIiwibmF2IjoiMSIsImRvdHMiOiIxIiwiY29udHJvbE5hdlRodW1icyI6IjAiLCJsYXp5TG9hZCI6IjAifQ==,MQ==
RmFzdGVzdCBGaXNoaW5nIC0gSG9tZSBTbGlkZXNob3c=,ZmFzdGVzdC1maXNoaW5nLWhvbWUtc2xpZGVzaG93,eyJtZzhtNmhpMzk3OCI6eyJwb3NpdGlvbiI6IjIiLCJmaWxlIjoiXC9mXC9pXC9maXNoaW5nLXNsaWRlc2hvdy0xLmpwZyIsInZhbHVlX2lkIjoiIiwibGluayI6IiIsImNhcHRpb24iOiI8ZGl2IGNsYXNzPVwic2xpZGUtY2FwdGlvbiBzbGlkZS1jZW50ZXJcIj48ZGl2IGNsYXNzPVwidGV4dC1jZW50ZXJcIj48cCBjbGFzcz1cInNsaWRlLXRleHRcIj5TcHJpbmcgdHJhaW5pbmcgMjAyMTxcL3A+XHJcbjxwIGNsYXNzPVwic2xpZGUtdGl0bGUgaDEgdGV4dC11cHBlcmNhc2VcIj48c3Bhbj5GaXNoaW5nIENsYXNzaXM8XC9zcGFuPjxcL3A+XHJcbjxwIGNsYXNzPVwic2xpZGUtYnRuXCI+PGEgaHJlZj1cIiNcIj48c3Bhbj5TaG9wcGluZyBOb3cgPFwvc3Bhbj48XC9hPjxcL3A+PFwvZGl2PjxcL2Rpdj4iLCJ0cmFuc2l0aW9uIjoiIiwiZGlzYWJsZWQiOiIwIiwicmVtb3ZlZCI6IiJ9LCI2aGI3ZmdlOXRlaCI6eyJwb3NpdGlvbiI6IjMiLCJmaWxlIjoiXC9mXC9pXC9maXNoaW5nLXNsaWRlc2hvdy0yLmpwZyIsInZhbHVlX2lkIjoiIiwibGluayI6IiIsImNhcHRpb24iOiI8ZGl2IGNsYXNzPVwic2xpZGUtY2FwdGlvbiBzbGlkZS1jZW50ZXJcIj48ZGl2IGNsYXNzPVwidGV4dC1jZW50ZXJcIj5cclxuPHAgY2xhc3M9XCJzbGlkZS10aXRsZSBoMSB0ZXh0LXVwcGVyY2FzZVwiPjxzcGFuPjAlIEFQUiBmb3IgMTIgTW9udGhzPFwvc3Bhbj48XC9wPlxyXG48cCBjbGFzcz1cInNsaWRlLXRleHRcIj5XaGVuIHlvdSBzcGVuZCAkNTAwIG9yIG1vcmUgb24geW91ciBDTFVCPFwvcD5cclxuPHAgY2xhc3M9XCJzbGlkZS1idG5cIj48YSBocmVmPVwiI1wiPjxzcGFuPlNob3BwaW5nIE5vdyA8XC9zcGFuPjxcL2E+PFwvcD48XC9kaXY+PFwvZGl2PiIsInRyYW5zaXRpb24iOiIiLCJkaXNhYmxlZCI6IjAiLCJyZW1vdmVkIjoiIn19,eyJpc19yZXNpemUiOiIwIiwid2lkdGgiOiIxOTIwIiwiaGVpZ2h0IjoiODAwIiwiYW5pbWF0ZUluIjoiZmFkZUluIiwiYW5pbWF0ZU91dCI6ImZhZGVPdXQiLCJzdGFydFBvc2l0aW9uIjoiIiwiYXV0b3BsYXkiOiIxIiwiYXV0b3BsYXlIb3ZlclBhdXNlIjoiMCIsImF1dG9wbGF5U3BlZWQiOiIiLCJsb29wIjoiMSIsIm5hdiI6IjEiLCJkb3RzIjoiMSIsImNvbnRyb2xOYXZUaHVtYnMiOiIwIiwibGF6eUxvYWQiOiIwIn0=,MQ==
RmFzdGVzdCBHYXJkZW4gLSBIb21lIFNsaWRlc2hvdw==,ZmFzdGVzdC1nYXJkZW4taG9tZS1zbGlkZXNob3c=,eyIwcTFoaW85b2VubzkiOnsicG9zaXRpb24iOiIyIiwiZmlsZSI6Ilwvc1wvc1wvc3MtZ2FyZGVuLTEuanBnIiwidmFsdWVfaWQiOiIiLCJsaW5rIjoiIiwiY2FwdGlvbiI6IjxkaXYgY2xhc3M9XCJzbGlkZS1jYXB0aW9uIHNsaWRlLWxlZnRcIj48ZGl2IGNsYXNzPVwiXCI+XHJcbjxwIGNsYXNzPVwic2xpZGUtdGl0bGUgaDIgdGV4dC11cHBlcmNhc2VcIj48c3Bhbj5HTyBHUkVFTiBBVCBIT01FPFwvc3Bhbj48XC9wPlxyXG48cCBjbGFzcz1cInNsaWRlLXRleHRcIj5DZWxlYnJhdGUgRWFydGggRGF5IG9uIEFwcmlsIDIyIHdpdGggZWNvLWZyaWVuZGx5IGFuZFx1MDBhMDxicj5zdXN0YWluYWJsZVx1MDBhMHByb2R1Y3RzIGZvciBob21lIGNsZWFuaW5nLCBvdXRkb29ycyBhbmQgbW9yZS48XC9wPlxyXG48cCBjbGFzcz1cInNsaWRlLWJ0blwiPjxhIGhyZWY9XCIjXCI+PHNwYW4+U2hvcHBpbmcgTm93IDxcL3NwYW4+PFwvYT48XC9wPjxcL2Rpdj48XC9kaXY+IiwidHJhbnNpdGlvbiI6IiIsImRpc2FibGVkIjoiMCIsInJlbW92ZWQiOiIifSwiNzg0dDRnNmU2d3EiOnsicG9zaXRpb24iOiIyIiwiZmlsZSI6Ilwvc1wvc1wvc3MtZ2FyZGVuLTIuanBnIiwidmFsdWVfaWQiOiIiLCJsaW5rIjoiIiwiY2FwdGlvbiI6IjxkaXYgY2xhc3M9XCJzbGlkZS1jYXB0aW9uIHNsaWRlLWxlZnRcIj48ZGl2IGNsYXNzPVwiXCI+XHJcbjxwIGNsYXNzPVwic2xpZGUtdGl0bGUgaDIgdGV4dC11cHBlcmNhc2VcIj48c3Bhbj5QdXQgZG93biByb290czxcL3NwYW4+PFwvcD5cclxuPHAgY2xhc3M9XCJzbGlkZS10ZXh0XCI+V2VcdTIwMTl2ZSBnb3QgYWxsIHRoZSB0b29scyB5b3UgbmVlZCB0byBtYWtlIHlvdXIgbGF3biAmIGdhcmRlbiB0aHJpdmUuPFwvcD5cclxuPHAgY2xhc3M9XCJzbGlkZS1idG5cIj48YSBocmVmPVwiI1wiPjxzcGFuPlNob3BwaW5nIE5vdyA8XC9zcGFuPjxcL2E+PFwvcD48XC9kaXY+PFwvZGl2PiIsInRyYW5zaXRpb24iOiIiLCJkaXNhYmxlZCI6IjAiLCJyZW1vdmVkIjoiIn19,eyJpc19yZXNpemUiOiIwIiwid2lkdGgiOiI4MDAiLCJoZWlnaHQiOiIzNzAiLCJhbmltYXRlSW4iOiJmYWRlSW4iLCJhbmltYXRlT3V0IjoiZmFkZU91dCIsInN0YXJ0UG9zaXRpb24iOiIiLCJhdXRvcGxheSI6IjEiLCJhdXRvcGxheUhvdmVyUGF1c2UiOiIwIiwiYXV0b3BsYXlTcGVlZCI6IiIsImxvb3AiOiIxIiwibmF2IjoiMSIsImRvdHMiOiIxIiwiY29udHJvbE5hdlRodW1icyI6IjAiLCJsYXp5TG9hZCI6IjAifQ==,MQ==
RmFzdGVzdCBFbGx5YW5hIC0gSG9tZSBTbGlkZXNob3c=,ZmFzdGVzdC1iZWF1dHktaG9tZS1zbGlkZXNob3c=,eyJiZWJwYWVtbnQ4MSI6eyJwb3NpdGlvbiI6IjMiLCJmaWxlIjoiXC9zXC9zXC9zczEuanBnIiwidmFsdWVfaWQiOiIiLCJsaW5rIjoiIiwiY2FwdGlvbiI6IiIsInRyYW5zaXRpb24iOiIiLCJkaXNhYmxlZCI6IjAiLCJyZW1vdmVkIjoiIn0sIjh0czZtODZmcjM2Ijp7InBvc2l0aW9uIjoiNCIsImZpbGUiOiJcL3NcL3NcL3NzMl8xLmpwZyIsInZhbHVlX2lkIjoiIiwibGluayI6IiIsImNhcHRpb24iOiIiLCJ0cmFuc2l0aW9uIjoiIiwiZGlzYWJsZWQiOiIwIiwicmVtb3ZlZCI6IiJ9fQ==,eyJpc19yZXNpemUiOiIxIiwid2lkdGgiOiIxOTIwIiwiaGVpZ2h0IjoiODAwIiwiYW5pbWF0ZUluIjoiZmFkZUluIiwiYW5pbWF0ZU91dCI6ImZhZGVPdXQiLCJzdGFydFBvc2l0aW9uIjoiIiwiYXV0b3BsYXkiOiIxIiwiYXV0b3BsYXlIb3ZlclBhdXNlIjoiMSIsImF1dG9wbGF5U3BlZWQiOiIzMDAwIiwibG9vcCI6IjEiLCJuYXYiOiIxIiwiZG90cyI6IjEiLCJjb250cm9sTmF2VGh1bWJzIjoiMCIsImxhenlMb2FkIjoiMSJ9,MQ==
RmFzdGVzdCBGYXNoaW9uIC0gSG9tZSBTbGlkZXNob3c=,ZmFzdGVzdC1mYXNoaW9uLWhvbWUtc2xpZGVzaG93,eyIxODI1dzBhamVtaCI6eyJwb3NpdGlvbiI6IjQiLCJmaWxlIjoiXC8xXC9fXC8xXzEuanBnIiwidmFsdWVfaWQiOiIiLCJsaW5rIjoiaHR0cHM6XC9cL2RvY3MuZ29vZ2xlLmNvbVwvIiwiY2FwdGlvbiI6IjxkaXYgY2xhc3M9XCJzbGlkZS1jYXB0aW9uIHNsaWRlLWxlZnRcIj48ZGl2IGNsYXNzPVwidGV4dC1jZW50ZXJcIj48cCBjbGFzcz1cInNsaWRlLXRleHRcIj5GamFsbHJhdmVuIFZpbnRhZ2UgJDM2MC4wMDxcL3A+XHJcbjxwIGNsYXNzPVwic2xpZGUtdGl0bGUgaDEgdGV4dC11cHBlcmNhc2VcIj48c3Bhbj5CYWNrUGFjazxcL3NwYW4+PFwvcD5cclxuPHAgY2xhc3M9XCJzbGlkZS1idG5cIj48YSBocmVmPVwiI1wiPjxzcGFuPlNob3BwaW5nIE5vdyA8XC9zcGFuPjxcL2E+PFwvcD48XC9kaXY+PFwvZGl2PiIsInRyYW5zaXRpb24iOiJmYWRlSW4iLCJkaXNhYmxlZCI6IjAiLCJyZW1vdmVkIjoiIn0sIjc1ZDNpMTc1a2V0Ijp7InBvc2l0aW9uIjoiNSIsImZpbGUiOiJcLzJcL19cLzIuanBnIiwidmFsdWVfaWQiOiIiLCJsaW5rIjoiIiwiY2FwdGlvbiI6IjxkaXYgY2xhc3M9XCJzbGlkZS1jYXB0aW9uIGNscy13aGl0ZVwiPjxkaXYgY2xhc3M9XCJ0ZXh0LWNlbnRlclwiPjxwIGNsYXNzPVwic2xpZGUtdGV4dCB0ZXh0LXVwcGVyY2FzZVwiPk5ldyBhcnJpdmFscyBpbiB0aGlzIHN1bW1lcio8XC9wPlxyXG48cCBjbGFzcz1cInNsaWRlLXRpdGxlIGgxIHRleHQtdXBwZXJjYXNlIGNscy13aGl0ZVwiPjxzcGFuPlVuaXFsbyBqYWNrZXRzPFwvc3Bhbj48XC9wPlxyXG48cCBjbGFzcz1cInNsaWRlLWJ0blwiPjxhIGhyZWY9XCIjXCI+PHNwYW4+c2hvcCBub3c8XC9zcGFuPjxcL2E+PFwvcD48XC9kaXY+PFwvZGl2PiIsInRyYW5zaXRpb24iOiJmYWRlSW4iLCJkaXNhYmxlZCI6IjAiLCJyZW1vdmVkIjoiIn0sImZrZHRvY29hOHMiOnsicG9zaXRpb24iOiI2IiwiZmlsZSI6IlwvM1wvX1wvMy5qcGciLCJ2YWx1ZV9pZCI6IiIsImxpbmsiOiIjIiwiY2FwdGlvbiI6IjxkaXYgY2xhc3M9XCJzbGlkZS1jYXB0aW9uIHNsaWRlLXJpZ2h0XCI+PGRpdiBjbGFzcz1cInRleHQtY2VudGVyXCI+PHAgY2xhc3M9XCJzbGlkZS10ZXh0XCI+VXAgdG8gNzAlIE9mZjxcL3A+XHJcbjxwIGNsYXNzPVwic2xpZGUtdGl0bGUgaDEgdGV4dC11cHBlcmNhc2VcIj48c3Bhbj5TVU1NRVIgU0FMRTxcL3NwYW4+PFwvcD5cclxuPHAgY2xhc3M9XCJzbGlkZS1idG5cIj48YSBocmVmPVwiI1wiPjxzcGFuPkdSQUIgSVQgTk9XPFwvc3Bhbj48XC9hPjxcL3A+PFwvZGl2PjxcL2Rpdj4iLCJ0cmFuc2l0aW9uIjoiZmFkZUluIiwiZGlzYWJsZWQiOiIwIiwicmVtb3ZlZCI6IiJ9fQ==,eyJpc19yZXNpemUiOiIxIiwid2lkdGgiOiIxOTAwIiwiaGVpZ2h0IjoiNzMwIiwiYW5pbWF0ZUluIjoiZmFkZUluIiwiYW5pbWF0ZU91dCI6ImZhZGVPdXQiLCJzdGFydFBvc2l0aW9uIjoiIiwiYXV0b3BsYXkiOiIwIiwiYXV0b3BsYXlIb3ZlclBhdXNlIjoiMSIsImF1dG9wbGF5U3BlZWQiOiIiLCJsb29wIjoiMSIsIm5hdiI6IjEiLCJkb3RzIjoiMSIsImNvbnRyb2xOYXZUaHVtYnMiOiIwIiwibGF6eUxvYWQiOiIxIn0=,MQ==
